{
  "categories": {
    "frontend_web": {
      "name": "Frontend Web Development",
      "description": "Languages and frameworks for client-side web development",
      "languages": ["javascript", "typescript", "html", "css"],
      "frameworks": ["react", "vue", "angular", "svelte", "nextjs", "gatsby"],
      "difficulty": "Easy to Medium",
      "use_cases": ["Web applications", "User interfaces", "Interactive websites"]
    },
    "backend_api": {
      "name": "Backend/API Development",
      "description": "Server-side languages and frameworks for APIs and web services",
      "languages": ["python", "javascript", "java", "go", "rust", "csharp", "php"],
      "frameworks": ["express", "fastapi", "django", "flask", "spring", "gin", "actix"],
      "difficulty": "Medium to Hard",
      "use_cases": ["REST APIs", "Web services", "Microservices", "Database integration"]
    },
    "mobile": {
      "name": "Mobile Development",
      "description": "Native and cross-platform mobile app development",
      "languages": ["kotlin", "swift", "dart", "javascript"],
      "frameworks": ["flutter", "react-native", "jetpack-compose", "swiftui"],
      "difficulty": "Medium to Hard",
      "use_cases": ["iOS apps", "Android apps", "Cross-platform apps"]
    },
    "database": {
      "name": "Database Languages",
      "description": "Database query and management languages",
      "languages": ["sql", "nosql"],
      "frameworks": ["postgresql", "mysql", "mongodb", "redis"],
      "difficulty": "Medium",
      "use_cases": ["Data storage", "Queries", "Data analysis", "Reporting"]
    },
    "systems": {
      "name": "Systems Programming",
      "description": "Low-level programming for system software and performance-critical applications",
      "languages": ["c", "cpp", "rust", "go"],
      "frameworks": ["boost", "qt", "tokio"],
      "difficulty": "Hard",
      "use_cases": ["Operating systems", "Device drivers", "Embedded systems", "Game engines"]
    },
    "data_science": {
      "name": "Data Science & AI",
      "description": "Languages and tools for data analysis, machine learning, and AI",
      "languages": ["python", "r", "julia", "scala"],
      "frameworks": ["pandas", "tensorflow", "pytorch", "scikit-learn"],
      "difficulty": "Medium to Hard",
      "use_cases": ["Data analysis", "Machine learning", "AI research", "Statistics"]
    }
  },
  "languages": {
    "javascript": {
      "name": "JavaScript",
      "category": "frontend_web",
      "description": "Dynamic programming language for web development",
      "paradigms": ["Object-oriented", "Functional", "Event-driven"],
      "typing": "Dynamic",
      "compilation": "Interpreted",
      "popularity": "Very High",
      "learning_curve": "Easy",
      "ecosystem": {
        "package_manager": "npm/yarn",
        "runtime": "Node.js/Browser",
        "testing": ["Jest", "Mocha", "Cypress"],
        "bundlers": ["Webpack", "Vite", "Parcel"]
      },
      "use_cases": ["Web development", "Mobile apps", "Desktop apps", "Server-side"],
      "frameworks": ["react", "vue", "angular", "express", "nextjs"]
    },
    "typescript": {
      "name": "TypeScript",
      "category": "frontend_web",
      "description": "Typed superset of JavaScript that compiles to plain JavaScript",
      "paradigms": ["Object-oriented", "Functional", "Static typing"],
      "typing": "Static",
      "compilation": "Transpiled",
      "popularity": "High",
      "learning_curve": "Medium",
      "ecosystem": {
        "package_manager": "npm/yarn",
        "runtime": "Node.js/Browser",
        "testing": ["Jest", "Vitest", "Playwright"],
        "bundlers": ["TypeScript Compiler", "Webpack", "Vite"]
      },
      "use_cases": ["Large web applications", "Enterprise software", "Type-safe APIs"],
      "frameworks": ["react", "angular", "nestjs", "express"]
    },
    "python": {
      "name": "Python",
      "category": "backend_api",
      "description": "High-level, interpreted programming language with elegant syntax",
      "paradigms": ["Object-oriented", "Functional", "Procedural"],
      "typing": "Dynamic (with optional static typing)",
      "compilation": "Interpreted",
      "popularity": "Very High",
      "learning_curve": "Easy",
      "ecosystem": {
        "package_manager": "pip/conda",
        "runtime": "CPython/PyPy",
        "testing": ["pytest", "unittest", "nose"],
        "frameworks": ["django", "fastapi", "flask"]
      },
      "use_cases": ["Web development", "Data science", "AI/ML", "Automation", "Scientific computing"],
      "frameworks": ["django", "fastapi", "flask", "tensorflow", "pandas"]
    },
    "java": {
      "name": "Java",
      "category": "backend_api",
      "description": "Object-oriented programming language designed for portability and performance",
      "paradigms": ["Object-oriented", "Concurrent"],
      "typing": "Static",
      "compilation": "Compiled to bytecode",
      "popularity": "High",
      "learning_curve": "Medium",
      "ecosystem": {
        "package_manager": "Maven/Gradle",
        "runtime": "JVM",
        "testing": ["JUnit", "TestNG", "Mockito"],
        "frameworks": ["Spring", "Hibernate", "Struts"]
      },
      "use_cases": ["Enterprise applications", "Android development", "Web services", "Big data"],
      "frameworks": ["spring", "hibernate", "android"]
    },
    "kotlin": {
      "name": "Kotlin",
      "category": "mobile",
      "description": "Modern programming language that runs on the JVM and Android",
      "paradigms": ["Object-oriented", "Functional"],
      "typing": "Static",
      "compilation": "Compiled to JVM bytecode",
      "popularity": "Medium",
      "learning_curve": "Medium",
      "ecosystem": {
        "package_manager": "Gradle",
        "runtime": "JVM/Android Runtime",
        "testing": ["JUnit", "Kotest", "MockK"],
        "frameworks": ["jetpack-compose", "ktor", "spring"]
      },
      "use_cases": ["Android development", "Server-side development", "Cross-platform mobile"],
      "frameworks": ["jetpack-compose", "ktor", "android"]
    },
    "swift": {
      "name": "Swift",
      "category": "mobile",
      "description": "Powerful programming language developed by Apple for iOS and macOS",
      "paradigms": ["Object-oriented", "Functional", "Protocol-oriented"],
      "typing": "Static",
      "compilation": "Compiled",
      "popularity": "Medium",
      "learning_curve": "Medium",
      "ecosystem": {
        "package_manager": "Swift Package Manager",
        "runtime": "Native",
        "testing": ["XCTest", "Quick", "Nimble"],
        "frameworks": ["swiftui", "uikit", "vapor"]
      },
      "use_cases": ["iOS development", "macOS development", "Server-side development"],
      "frameworks": ["swiftui", "uikit", "vapor"]
    },
    "dart": {
      "name": "Dart",
      "category": "mobile",
      "description": "Client-optimized language for developing fast apps on any platform",
      "paradigms": ["Object-oriented", "Functional"],
      "typing": "Static (with type inference)",
      "compilation": "Compiled/JIT",
      "popularity": "Medium",
      "learning_curve": "Easy to Medium",
      "ecosystem": {
        "package_manager": "pub",
        "runtime": "Dart VM/Native",
        "testing": ["test", "mockito", "flutter_test"],
        "frameworks": ["flutter", "aqueduct", "angel"]
      },
      "use_cases": ["Cross-platform mobile apps", "Web development", "Server-side"],
      "frameworks": ["flutter"]
    },
    "go": {
      "name": "Go",
      "category": "backend_api",
      "description": "Fast, statically typed compiled language designed for simplicity",
      "paradigms": ["Procedural", "Concurrent"],
      "typing": "Static",
      "compilation": "Compiled",
      "popularity": "High",
      "learning_curve": "Medium",
      "ecosystem": {
        "package_manager": "Go modules",
        "runtime": "Native",
        "testing": ["testing", "testify", "ginkgo"],
        "frameworks": ["gin", "echo", "fiber"]
      },
      "use_cases": ["Web services", "Cloud infrastructure", "Microservices", "CLI tools"],
      "frameworks": ["gin", "echo", "fiber"]
    }
  },
  "frameworks": {
    "react": {
      "name": "React",
      "language": "javascript",
      "category": "frontend_web",
      "type": "Library",
      "description": "JavaScript library for building user interfaces",
      "learning_curve": "Medium",
      "popularity": "Very High",
      "use_cases": ["Single Page Applications", "Component-based UIs", "Mobile apps with React Native"]
    },
    "fastapi": {
      "name": "FastAPI",
      "language": "python",
      "category": "backend_api",
      "type": "Framework",
      "description": "Modern, fast web framework for building APIs with Python",
      "learning_curve": "Easy to Medium",
      "popularity": "High",
      "use_cases": ["REST APIs", "Microservices", "Real-time applications"]
    },
    "flutter": {
      "name": "Flutter",
      "language": "dart",
      "category": "mobile",
      "type": "Framework",
      "description": "UI toolkit for building natively compiled applications",
      "learning_curve": "Medium",
      "popularity": "High",
      "use_cases": ["Cross-platform mobile apps", "Web apps", "Desktop apps"]
    },
    "express": {
      "name": "Express.js",
      "language": "javascript",
      "category": "backend_api",
      "type": "Framework",
      "description": "Minimal and flexible Node.js web application framework",
      "learning_curve": "Easy",
      "popularity": "Very High",
      "use_cases": ["REST APIs", "Web applications", "Microservices"]
    }
  },
  "conversion_matrix": {
    "javascript_react": {
      "compatible_targets": [
        "typescript_react",
        "javascript_react-native",
        "dart_flutter",
        "kotlin_jetpack-compose"
      ]
    },
    "python_django": {
      "compatible_targets": [
        "python_fastapi",
        "javascript_express",
        "go_gin"
      ]
    },
    "javascript_express": {
      "compatible_targets": [
        "python_fastapi",
        "python_django",
        "go_gin",
        "typescript_express"
      ]
    }
  }
}
