{
  "categories": {
    "frontend_web": {
      "name": "Frontend Web Development",
      "description": "Languages and frameworks for building user interfaces and client-side applications",
      "languages": [
        {
          "name": "JavaScript",
          "extensions": [".js", ".mjs"],
          "frameworks": ["React", "Vue", "Angular", "Svelte", "Next.js", "Nuxt.js"],
          "ecosystem": "mature",
          "difficulty": "medium",
          "popularity": 95
        },
        {
          "name": "TypeScript",
          "extensions": [".ts", ".tsx"],
          "frameworks": ["React", "Vue", "Angular", "Next.js"],
          "ecosystem": "mature",
          "difficulty": "medium-high",
          "popularity": 85
        },
        {
          "name": "JSX/TSX",
          "extensions": [".jsx", ".tsx"],
          "frameworks": ["React", "React Native"],
          "ecosystem": "mature",
          "difficulty": "medium",
          "popularity": 80
        },
        {
          "name": "Vue",
          "extensions": [".vue"],
          "frameworks": ["Vue.js", "Nuxt.js", "Quasar"],
          "ecosystem": "mature",
          "difficulty": "medium",
          "popularity": 70
        },
        {
          "name": "Svelte",
          "extensions": [".svelte"],
          "frameworks": ["SvelteKit"],
          "ecosystem": "growing",
          "difficulty": "medium",
          "popularity": 60
        }
      ]
    },
    "mobile": {
      "name": "Mobile Development",
      "description": "Languages and frameworks for building native and cross-platform mobile applications",
      "languages": [
        {
          "name": "Swift",
          "extensions": [".swift"],
          "frameworks": ["SwiftUI", "UIKit"],
          "ecosystem": "mature",
          "difficulty": "medium-high",
          "popularity": 75,
          "platform": "iOS"
        },
        {
          "name": "Kotlin",
          "extensions": [".kt", ".kts"],
          "frameworks": ["Jetpack Compose", "Android SDK"],
          "ecosystem": "mature",
          "difficulty": "medium-high",
          "popularity": 80,
          "platform": "Android"
        },
        {
          "name": "Dart",
          "extensions": [".dart"],
          "frameworks": ["Flutter"],
          "ecosystem": "mature",
          "difficulty": "medium",
          "popularity": 85,
          "platform": "Cross-platform"
        },
        {
          "name": "React Native",
          "extensions": [".js", ".jsx", ".ts", ".tsx"],
          "frameworks": ["Expo", "React Navigation"],
          "ecosystem": "mature",
          "difficulty": "medium",
          "popularity": 78,
          "platform": "Cross-platform"
        }
      ]
    },
    "backend": {
      "name": "Backend/API Development",
      "description": "Server-side languages and frameworks for building APIs and web services",
      "languages": [
        {
          "name": "Node.js",
          "extensions": [".js", ".mjs", ".ts"],
          "frameworks": ["Express", "Fastify", "NestJS", "Koa"],
          "ecosystem": "mature",
          "difficulty": "medium",
          "popularity": 88
        },
        {
          "name": "Python",
          "extensions": [".py"],
          "frameworks": ["FastAPI", "Django", "Flask", "Tornado"],
          "ecosystem": "mature",
          "difficulty": "low-medium",
          "popularity": 92
        },
        {
          "name": "Go",
          "extensions": [".go"],
          "frameworks": ["Gin", "Echo", "Fiber", "Chi"],
          "ecosystem": "mature",
          "difficulty": "medium",
          "popularity": 75
        },
        {
          "name": "Java",
          "extensions": [".java"],
          "frameworks": ["Spring Boot", "Quarkus", "Micronaut"],
          "ecosystem": "mature",
          "difficulty": "medium-high",
          "popularity": 82
        },
        {
          "name": "C#",
          "extensions": [".cs"],
          "frameworks": [".NET Core", "ASP.NET", "Blazor"],
          "ecosystem": "mature",
          "difficulty": "medium-high",
          "popularity": 70
        },
        {
          "name": "Rust",
          "extensions": [".rs"],
          "frameworks": ["Actix", "Warp", "Rocket", "Axum"],
          "ecosystem": "growing",
          "difficulty": "high",
          "popularity": 65
        }
      ]
    },
    "database": {
      "name": "Database Languages",
      "description": "Query languages and database-specific scripting languages",
      "languages": [
        {
          "name": "SQL",
          "extensions": [".sql"],
          "frameworks": ["PostgreSQL", "MySQL", "SQLite", "SQL Server"],
          "ecosystem": "mature",
          "difficulty": "medium",
          "popularity": 95
        },
        {
          "name": "MongoDB Query",
          "extensions": [".js"],
          "frameworks": ["MongoDB", "Mongoose"],
          "ecosystem": "mature",
          "difficulty": "medium",
          "popularity": 80
        },
        {
          "name": "GraphQL",
          "extensions": [".gql", ".graphql"],
          "frameworks": ["Apollo", "Relay", "Hasura"],
          "ecosystem": "mature",
          "difficulty": "medium-high",
          "popularity": 70
        }
      ]
    },
    "systems": {
      "name": "Systems Programming",
      "description": "Low-level languages for system programming and performance-critical applications",
      "languages": [
        {
          "name": "C",
          "extensions": [".c", ".h"],
          "frameworks": ["POSIX", "GNU"],
          "ecosystem": "mature",
          "difficulty": "high",
          "popularity": 75
        },
        {
          "name": "C++",
          "extensions": [".cpp", ".cxx", ".cc", ".hpp"],
          "frameworks": ["Qt", "Boost", "POCO"],
          "ecosystem": "mature",
          "difficulty": "high",
          "popularity": 80
        },
        {
          "name": "Rust",
          "extensions": [".rs"],
          "frameworks": ["Tokio", "Serde", "Diesel"],
          "ecosystem": "growing",
          "difficulty": "high",
          "popularity": 75
        },
        {
          "name": "Zig",
          "extensions": [".zig"],
          "frameworks": [],
          "ecosystem": "emerging",
          "difficulty": "high",
          "popularity": 40
        }
      ]
    },
    "data_science": {
      "name": "Data Science & AI",
      "description": "Languages optimized for data analysis, machine learning, and scientific computing",
      "languages": [
        {
          "name": "Python",
          "extensions": [".py", ".ipynb"],
          "frameworks": ["Pandas", "NumPy", "TensorFlow", "PyTorch", "Scikit-learn"],
          "ecosystem": "mature",
          "difficulty": "low-medium",
          "popularity": 95
        },
        {
          "name": "R",
          "extensions": [".r", ".R"],
          "frameworks": ["Tidyverse", "Shiny", "ggplot2"],
          "ecosystem": "mature",
          "difficulty": "medium",
          "popularity": 70
        },
        {
          "name": "Julia",
          "extensions": [".jl"],
          "frameworks": ["MLJ", "Flux", "Plots"],
          "ecosystem": "growing",
          "difficulty": "medium",
          "popularity": 55
        },
        {
          "name": "MATLAB",
          "extensions": [".m"],
          "frameworks": ["Statistics Toolbox", "Machine Learning Toolbox"],
          "ecosystem": "mature",
          "difficulty": "medium",
          "popularity": 60
        }
      ]
    },
    "legacy": {
      "name": "Legacy & Specialized",
      "description": "Older languages still in use in enterprise and specialized domains",
      "languages": [
        {
          "name": "COBOL",
          "extensions": [".cob", ".cobol"],
          "frameworks": ["IBM Enterprise COBOL"],
          "ecosystem": "legacy",
          "difficulty": "medium",
          "popularity": 25
        },
        {
          "name": "FORTRAN",
          "extensions": [".f", ".for", ".f90"],
          "frameworks": ["OpenMP", "MPI"],
          "ecosystem": "legacy",
          "difficulty": "medium-high",
          "popularity": 30
        },
        {
          "name": "Assembly",
          "extensions": [".asm", ".s"],
          "frameworks": ["NASM", "GAS"],
          "ecosystem": "specialized",
          "difficulty": "very high",
          "popularity": 20
        },
        {
          "name": "Perl",
          "extensions": [".pl", ".pm"],
          "frameworks": ["Mojolicious", "Catalyst"],
          "ecosystem": "legacy",
          "difficulty": "medium-high",
          "popularity": 35
        }
      ]
    }
  },
  "conversion_matrix": {
    "supported_conversions": [
      {"from": "react", "to": "react_native", "difficulty": "medium", "accuracy": 85},
      {"from": "react", "to": "flutter", "difficulty": "high", "accuracy": 75},
      {"from": "react", "to": "kotlin", "difficulty": "high", "accuracy": 70},
      {"from": "flutter", "to": "kotlin", "difficulty": "medium", "accuracy": 80},
      {"from": "flutter", "to": "swiftui", "difficulty": "medium", "accuracy": 80},
      {"from": "kotlin", "to": "swiftui", "difficulty": "medium-high", "accuracy": 75},
      {"from": "nodejs", "to": "python", "difficulty": "medium", "accuracy": 85},
      {"from": "nodejs", "to": "go", "difficulty": "medium-high", "accuracy": 80},
      {"from": "python", "to": "go", "difficulty": "medium-high", "accuracy": 78},
      {"from": "sql", "to": "mongodb", "difficulty": "high", "accuracy": 65}
    ]
  }
}